firstname;lastname;gender;birthdate;moduleid
Abigail;Louis;female;1994-03-01;0
Bell;Snedden;female;1900-01-01;0
Brigitte;Cobb;female;1900-01-01;0
Bulrush;Bouchard;male;1990-09-12;0
Candice;Carson;female;1900-01-02;0
Chad;Andrews;male;1989-09-12;0
Christina;Blake;female;1994-09-12;0
Claudio;Engle;male;1994-09-12;0
Dena;Pacheco;female;1983-09-12;0
Elba;Lockhart;female;1994-09-12;0
Emerson;Milton;male;2008-09-12;0
Emilio;Hutchinson;male;1978-09-12;0
Gail;Horton;male;1994-09-12;0
Geneva;Underwood;female;1994-09-12;0
Healy;Colette;female;1998-09-12;0
Heriberto;Rush;male;1994-09-12;0
Hollie;Voss;female;1994-09-12;0
Louise;Kelchner;female;2000-09-12;0
Mildred;Starnes;female;1994-09-12;0
Orville;Daniel;male;2001-09-12;0
Rae;Childers;male;1994-09-12;0
Terry;English;male;2003-09-12;0
